{
    "questions": [
        {
            "id": 1,
            "question": "test1",
            "correct": "ans",
            "wrong_1": "string",
            "wrong_2": "string",
            "wrong_3": "string"
        },
        {
            "id": 2,
            "question": "test2",
            "correct": "ans",
            "wrong_1": "string",
            "wrong_2": "string",
            "wrong_3": "string"
        },
        {
            "id": 3,
            "question": "test3",
            "correct": "ans",
            "wrong_1": "string",
            "wrong_2": "string",
            "wrong_3": "string"
        },
        {
            "id": 4,
            "question": "test4",
            "correct": "ans",
            "wrong_1": "string",
            "wrong_2": "string",
            "wrong_3": "string"
        },
        {
            "id": 5,
            "question": "test5",
            "correct": "ans",
            "wrong_1": "string",
            "wrong_2": "string",
            "wrong_3": "string"
        }
    ]
}